{"name":"t:sections.header.name","type":"header","sections":{"announcement-bar":{"type":"announcement-bar","blocks":{"announcement-bar-0":{"type":"announcement","settings":{"text":"Bienvenidos a Hiplus - un Mundo de Ciclismo","link":"shopify:\/\/collections"}},"announcement_8mzHgG":{"type":"announcement","settings":{"text":"Ahorra, pagando en USD en efectivo en nuestra tienda","link":"shopify:\/\/pages\/tipo-de-cambio"}}},"block_order":["announcement-bar-0","announcement_8mzHgG"],"settings":{"color_scheme":"scheme-5","show_line_separator":true,"show_social":false,"auto_rotate":true,"change_slides_speed":4,"enable_country_selector":false,"enable_language_selector":false}},"header":{"type":"header","settings":{"logo_position":"middle-left","menu":"main-menu","menu_type_desktop":"dropdown","sticky_header_type":"on-scroll-up","show_line_separator":true,"color_scheme":"background-1","menu_color_scheme":"","enable_country_selector":false,"enable_language_selector":false,"enable_customer_avatar":true,"mobile_logo_position":"center","margin_bottom":0,"padding_top":20,"padding_bottom":20}}},"order":["announcement-bar","header"]}