{"name":"t:sections.footer.name","type":"footer","sections":{"footer":{"type":"footer","blocks":{"footer-0":{"type":"link_list","settings":{"heading":"Quick links","menu":"footer"}},"footer-1":{"type":"text","disabled":true,"settings":{"heading":"Heading","subtext":"<p>Share store details, promotions, or brand content with your customers.<\/p>"}}},"block_order":["footer-0","footer-1"],"settings":{"color_scheme":"background-1","newsletter_enable":false,"newsletter_heading":"Subscribe to our emails","enable_follow_on_shop":true,"show_social":false,"enable_country_selector":false,"enable_language_selector":false,"payment_enable":false,"show_policy":true,"margin_top":0,"padding_top":36,"padding_bottom":36}}},"order":["footer"]}