{"sections":{"banner":{"type":"main-collection-banner","settings":{"show_collection_description":true,"show_collection_image":false,"color_scheme":""}},"product-grid":{"type":"main-collection-product-grid","settings":{"products_per_page":16,"columns_desktop":4,"color_scheme":"","image_ratio":"square","image_shape":"default","show_secondary_image":false,"show_vendor":false,"show_rating":false,"quick_add":"standard","enable_filtering":false,"filter_type":"horizontal","enable_sorting":false,"columns_mobile":"2","padding_top":36,"padding_bottom":36}},"collection_list_7Gp4m7":{"type":"collection-list","blocks":{"featured_collection_HcEQKL":{"type":"featured_collection","settings":{"collection":"70-black-friday-2024"}},"featured_collection_cKB6ex":{"type":"featured_collection","settings":{"collection":"50-black-friday-2024"}},"featured_collection_TRRPG3":{"type":"featured_collection","settings":{"collection":"30-black-friday-2024"}}},"block_order":["featured_collection_HcEQKL","featured_collection_cKB6ex","featured_collection_TRRPG3"],"disabled":true,"settings":{"title":"El Regalo de Navidad está en Black Friday!","heading_size":"h1","image_ratio":"square","columns_desktop":3,"color_scheme":"","show_view_all":false,"columns_mobile":"1","swipe_on_mobile":false,"padding_top":36,"padding_bottom":36}}},"order":["banner","product-grid","collection_list_7Gp4m7"]}