{
  "sections": {
    "christmas-hero": {
      "type": "rich-text",
      "settings": {
        "desktop_content_position": "center",
        "content_alignment": "center",
        "color_scheme": "scheme-2",
        "full_width": true,
        "padding_top": 40,
        "padding_bottom": 40
      },
      "blocks": {
        "heading": {
          "type": "heading",
          "settings": {
            "heading": "🎄 Ofertas de Navidad 🎄",
            "heading_size": "h1"
          }
        },
        "text": {
          "type": "text",
          "settings": {
            "text": "<p>¡Descubre nuestros descuentos exclusivos de Navidad! Regalos perfectos para tus seres queridos.</p>"
          }
        }
      },
      "block_order": ["heading", "text"]
    },
    "banner": {
      "type": "main-collection-banner",
      "settings": {
        "show_collection_description": true,
        "show_collection_image": true,
        "color_scheme": ""
      }
    },
    "product-grid": {
      "type": "main-collection-product-grid",
      "settings": {
        "products_per_page": 16,
        "columns_desktop": 4,
        "color_scheme": "",
        "image_ratio": "square",
        "image_shape": "default",
        "show_secondary_image": true,
        "show_vendor": false,
        "show_rating": true,
        "quick_add": "standard",
        "enable_filtering": true,
        "filter_type": "horizontal",
        "enable_sorting": true,
        "columns_mobile": "2",
        "padding_top": 36,
        "padding_bottom": 36
      }
    }
  },
  "order": ["christmas-hero", "banner", "product-grid"]
}
