{"sections":{"christmas_game_xmas":{"type":"christmas-game","settings":{"game_title":"Entrega Navideña","start_title":"🎄 ¡Entrega los Regalos!","start_description":"Esquiva los obstáculos y recoge los regalos","start_button":"¡Jugar!","instructions":"Toca la pantalla para saltar"}},"collection_list_MKB6Ei":{"type":"collection-list","blocks":{"featured_collection_txMF7r":{"type":"featured_collection","settings":{"collection":"70-black-friday-2024"}},"featured_collection_D639MT":{"type":"featured_collection","settings":{"collection":"50-black-friday-2024"}},"featured_collection_i3dcA4":{"type":"featured_collection","settings":{"collection":"30-black-friday-2024"}}},"block_order":["featured_collection_txMF7r","featured_collection_D639MT","featured_collection_i3dcA4"],"name":"t:sections.collection-list.presets.name","settings":{"title":"Últimos días de Black Friday!!!","heading_size":"h2","image_ratio":"portrait","columns_desktop":3,"color_scheme":"","show_view_all":false,"columns_mobile":"1","swipe_on_mobile":true,"padding_top":36,"padding_bottom":36}},"video_DGJbRH":{"type":"video","name":"t:sections.video.presets.name","settings":{"heading":"Bidones 2x1 + Cepillo Gratis","heading_size":"h0","enable_video_looping":true,"video":"shopify:\/\/files\/videos\/bidones 2x1.mp4","video_url":"https:\/\/www.youtube.com\/watch?v=_9VUPq3SxOc","cover_image":"shopify:\/\/shop_images\/3_e9b38c0b-03d5-41db-8100-ffcb979bf95e.jpg","description":"promocion bidones 2 por 1","full_width":false,"color_scheme":"","padding_top":36,"padding_bottom":36}},"image_with_text_i9hUhA":{"type":"image-with-text","blocks":{"heading_XqRtzz":{"type":"heading","settings":{"heading":"Envío Gratis","heading_size":"h1"}},"text_rwLKRD":{"type":"text","settings":{"text":"<p>Nos encargamos del envío para que tú solo te preocupes por elegir el mejor accesorio. ¡Envío gratis por compras superiores a 200 Bs!<\/p><p>Aplica para Mototaxi Radio urbano SCZ y Flota a otras ciudades en compras online.<\/p>","text_style":"body"}},"button_cD84Ky":{"type":"button","settings":{"button_label":"Compra Online","button_link":"shopify:\/\/collections\/regalos-de-navidad","button_style_secondary":false}}},"block_order":["heading_XqRtzz","text_rwLKRD","button_cD84Ky"],"settings":{"image":"shopify:\/\/shop_images\/Envios_Gratis_A_partir_de_200bs_Billboard_Square.png","height":"adapt","desktop_image_width":"medium","layout":"image_first","desktop_content_position":"top","desktop_content_alignment":"left","content_layout":"no-overlap","section_color_scheme":"","color_scheme":"","image_behavior":"none","mobile_content_alignment":"left","padding_top":36,"padding_bottom":36}},"featured_collection_GhhhqP":{"type":"featured-collection","settings":{"title":"NUEVA LLEGADA!!!","heading_size":"h0","description":"","show_description":false,"description_style":"body","collection":"nueva-llegada","products_to_show":15,"columns_desktop":4,"full_width":false,"show_view_all":true,"view_all_style":"outline","enable_desktop_slider":true,"color_scheme":"","image_ratio":"square","image_shape":"default","show_secondary_image":false,"show_vendor":false,"show_rating":false,"quick_add":"none","columns_mobile":"2","swipe_on_mobile":true,"padding_top":36,"padding_bottom":36}},"multi_column":{"type":"multicolumn","blocks":{"column1":{"type":"column","settings":{"image":"shopify:\/\/shop_images\/taller_cc6e7510-4d18-4822-8f61-8cc38a9bc0d3.jpg","title":"Nuestro Taller","text":"<p>Servicio Garantizado y Certificado. Mantenimiento desde 100bs. <a href=\"\/pages\/mantenimiento\" title=\"Mantenimiento\">Aqui las tarifas<\/a>.<\/p>","link_label":"","link":""}},"column2":{"type":"column","settings":{"image":"shopify:\/\/shop_images\/02102021-_DSC4285.jpg","title":"Pro Tips - Nuestro Blog","text":"<p>Articulos sobre piezas y repuestos, nuevas tendencias, entrenamiento y mucho más en <a href=\"\/blogs\/news\" title=\"Hiplus Pro Tips\">nuestro Blog<\/a><\/p>","link_label":"","link":""}},"column3":{"type":"column","settings":{"image":"shopify:\/\/shop_images\/piggy-bank-on-blue.jpg","title":"Pagos Online","text":"<p>Puedes pagar por transferencia QR o puedes pedir online y recoger en la tienda. Todos los datos los encuentras <a href=\"\/pages\/datos-bancarios\" title=\"Datos Bancarios\">aqui<\/a>.<\/p>","link_label":"","link":""}},"aac426c1-4491-4462-b42a-614129845e93":{"type":"column","settings":{"image":"shopify:\/\/shop_images\/5star.jpg","title":"Con entusiasmo por el cliente satisfecho","text":"<p>✨<strong>Nuestro objetivo<\/strong>: ¡sorprender a nuestros clientes! 🚀<br\/>👉 No solo queremos satisfacer, sino<strong>inspirar<\/strong>.<br\/>💖 El<strong>entusiasmo<\/strong>es clave para la lealtad.<br\/>🌟 ¡Sigamos logrando esto cada día!<\/p>","link_label":"","link":""}}},"block_order":["column1","column2","column3","aac426c1-4491-4462-b42a-614129845e93"],"settings":{"title":"Informaciones adicionales","heading_size":"h1","image_width":"full","image_ratio":"adapt","columns_desktop":4,"column_alignment":"left","background_style":"primary","button_label":"Condiciones Generales","button_link":"shopify:\/\/pages\/condiciones-generales","color_scheme":"","columns_mobile":"1","swipe_on_mobile":true,"padding_top":36,"padding_bottom":36}},"slideshow_qHDzKp":{"type":"slideshow","settings":{"layout":"full_bleed","slide_height":"medium","slider_visual":"counter","auto_rotate":false,"change_slides_speed":5,"image_behavior":"none","show_text_below":true,"accessibility_info":"Presentación de diapositivas sobre tu marca"}}},"order":["christmas_game_xmas","collection_list_MKB6Ei","video_DGJbRH","image_with_text_i9hUhA","featured_collection_GhhhqP","multi_column","slideshow_qHDzKp"]}