{"sections":{"main":{"type":"main-product","blocks":{"vendor":{"type":"text","settings":{"text":"{{ product.vendor }}","text_style":"uppercase"}},"title":{"type":"title","settings":{}},"subtitle":{"type":"text","settings":{"text":"{{ product.metafields.descriptors.subtitle.value }}","text_style":"subtitle"}},"price":{"type":"price","settings":{}},"variant_picker":{"type":"variant_picker","settings":{"picker_type":"button","swatch_shape":"circle"}},"quantity_selector":{"type":"quantity_selector","settings":{}},"buy_buttons":{"type":"buy_buttons","settings":{"show_dynamic_checkout":true,"show_gift_card_recipient":true}},"description":{"type":"description","settings":{}},"share":{"type":"share","settings":{"share_label":"Share"}}},"block_order":["vendor","title","subtitle","price","variant_picker","quantity_selector","buy_buttons","description","share"],"settings":{"enable_sticky_info":true,"color_scheme":"","media_size":"large","constrain_to_viewport":true,"media_fit":"contain","gallery_layout":"stacked","media_position":"left","image_zoom":"lightbox","mobile_thumbnails":"hide","hide_variants":false,"enable_video_looping":false,"padding_top":36,"padding_bottom":36}},"related-products":{"type":"related-products","settings":{"heading":"También te puede interesar","heading_size":"h2","products_to_show":4,"columns_desktop":4,"color_scheme":"scheme-1","image_ratio":"square","image_shape":"default","show_secondary_image":true,"show_vendor":false,"show_rating":false,"columns_mobile":"2","padding_top":36,"padding_bottom":28}},"collection_list_A9XLiN":{"type":"collection-list","blocks":{"featured_collection_gaBGGe":{"type":"featured_collection","disabled":true,"settings":{"collection":"nuevo-en-hiplus"}},"featured_collection_PLkKFA":{"type":"featured_collection","disabled":true,"settings":{"collection":"regalos-de-navidad"}},"featured_collection_MVmHe8":{"type":"featured_collection","disabled":true,"settings":{"collection":"ofertas-de-fin-de-ano"}}},"block_order":["featured_collection_gaBGGe","featured_collection_PLkKFA","featured_collection_MVmHe8"],"settings":{"title":"","heading_size":"h1","image_ratio":"square","columns_desktop":3,"color_scheme":"","show_view_all":false,"columns_mobile":"1","swipe_on_mobile":false,"padding_top":36,"padding_bottom":36}},"custom_liquid_jLKDeU":{"type":"custom-liquid","settings":{"custom_liquid":"<div class=\"product-form\">\n  {{ form | payment_terms }}\n\n  <!-- Bottle Brush Upsell -->\n  <div class=\"upsell\">\n    <input type=\"checkbox\" id=\"add-brush\" value=\"48473466241323\">\n    <label for=\"add-brush\">Añadir \"Cepillo de Botella\" por 7bs<\/label>\n  <\/div>\n\n  <button type=\"submit\" class=\"btn btn-primary\" id=\"add-to-cart\">Agregar al carrito<\/button>\n<\/div>\n\n<script>\n  document.querySelector('#add-to-cart').addEventListener('click', (e) => {\n    e.preventDefault(); \/\/ Prevents the default form submit\n\n    const productId = {{ product.variants.first.id }};\n    const items = [{ id: productId, quantity: 1 }];\n\n    \/\/ Check if the user selected the bottle brush\n    const brushCheckbox = document.querySelector('#add-brush');\n    if (brushCheckbox.checked) {\n      items.push({ id: brushCheckbox.value, quantity: 1 });\n    }\n\n    \/\/ Add products to cart\n    fetch('\/cart\/add.js', {\n      method: 'POST',\n      headers: { 'Content-Type': 'application\/json' },\n      body: JSON.stringify({ items })\n    }).then(() => window.location.href = '\/cart');\n  });\n<\/script>\n\n<style>\n  .upsell {\n    margin-top: 10px;\n    padding: 8px;\n    background: #f9f9f9;\n    border: 1px solid #ddd;\n    border-radius: 5px;\n    font-weight: bold;\n  }\n\n  #add-brush {\n    margin-right: 5px;\n  }\n<\/style>","color_scheme":"","padding_top":40,"padding_bottom":52}}},"order":["main","custom_liquid_jLKDeU","related-products","collection_list_A9XLiN"]}